<beans xmlns="http://www.springframework.org/schema/beans"
	xmlns:xsi="http://www.w3.org/2001/XMLSchema-instance"
	xmlns:context="http://www.springframework.org/schema/context"
	xmlns:tx="http://www.springframework.org/schema/tx" 
	xmlns:p="http://www.springframework.org/schema/p"
	xsi:schemaLocation="http://www.springframework.org/schema/beans
     http://www.springframework.org/schema/beans/spring-beans-4.0.xsd
     http://www.springframework.org/schema/context
     http://www.springframework.org/schema/context/spring-context-4.0.xsd
     http://www.springframework.org/schema/tx
	 http://www.springframework.org/schema/tx/spring-tx.xsd">
 
 	<!-- Piston myPiston = new Piston("Tesla Spark"); -->
    <!--  <bean id="myPiston1" class="com.java.Piston" >
     	<constructor-arg index="0" type="java.lang.String" value="Tesla Spark"/>
     	<constructor-arg index="1" type="int" value="4"/>
     </bean> -->
     
      <bean id="myPiston2" class="com.java.Piston" >
      	<constructor-arg index="0" type="int" value="2"/>
     	<constructor-arg index="1" type="java.lang.String" value="Honda Spark"/>
     </bean>
     
    <!-- Engine myEngine = new Engine(myPiston); --> 
     <bean id="myEngine" class="com.java.Engine" >
     	<constructor-arg index="0" ref="myPiston2"/>
     	<constructor-arg index="1" value="Delta"/>
     </bean>
     
<!--      PetrolEngine petrolEngine = new PetrolEngine(myPiston2,"Omega","3000cc");-->     
     <bean id="petrolEngine" class="com.java.PetrolEngine" >
     	<constructor-arg index="0" ref="myPiston2"/>
     	<constructor-arg index="1" value="Omega"/>
     	<constructor-arg index="2" value="3000cc"/>
     </bean>
  
     
     <!--      DieselEngine dieselEngine = new DieselEngine(myPiston2,"Omega","3000cc");-->     
     <bean id="dieselEngine" class="com.java.DieselEngine" >
     	<constructor-arg index="0" ref="myPiston2"/>
     	<constructor-arg index="1" value="Alpha"/>
     	<constructor-arg index="2" value="5000cc"/>
     </bean>

	<!-- Car myCar1 = new Car(); -->	
	 <bean id="myCar1" class="com.java.Car"  scope="prototype" >
	 	
	 </bean>
	 
	 <!-- Car myCar2 = new Car(myEngine); -->	
	 <bean id="myCar2" class="com.java.Car" scope="prototype"  >
	 	<constructor-arg index="0" ref="myEngine"/> 
		
	 </bean>
	 
	 <!-- Car myCar3 = new Car(myEngine,"Merc"); -->	
	 <bean id="myCar3" class="com.java.Car"  scope="prototype"  >
	 	<constructor-arg index="0" ref="myEngine"/> 
		<constructor-arg index="1" type="java.lang.String" value="Merc"/>
	 </bean>
	 
	 
	 <bean id="myBike" class="com.java.Bike" scope="prototype" >
	 
	 </bean>
	 
	
	 
 </beans>