<beans xmlns="http://www.springframework.org/schema/beans"
	xmlns:xsi="http://www.w3.org/2001/XMLSchema-instance"
	xmlns:context="http://www.springframework.org/schema/context"
	xmlns:tx="http://www.springframework.org/schema/tx" 
	xmlns:p="http://www.springframework.org/schema/p"
	xsi:schemaLocation="http://www.springframework.org/schema/beans
     http://www.springframework.org/schema/beans/spring-beans-4.0.xsd
     http://www.springframework.org/schema/context
     http://www.springframework.org/schema/context/spring-context-4.0.xsd
     http://www.springframework.org/schema/tx
	 http://www.springframework.org/schema/tx/spring-tx.xsd">
 
 	<bean id="myFlight" class="com.java.Flight">
 		<property name="flightNumber" value="101"></property>
 		<property name="flightName" value="Air India"></property>
 		<property name="source" value="Mumbai"></property>
 		<property name="destination" value="London"></property>
 	</bean>
	 
	
	 
 </beans>