<beans xmlns="http://www.springframework.org/schema/beans"
	xmlns:xsi="http://www.w3.org/2001/XMLSchema-instance"
	xmlns:context="http://www.springframework.org/schema/context"
	xmlns:tx="http://www.springframework.org/schema/tx" 
	xmlns:p="http://www.springframework.org/schema/p"
	xsi:schemaLocation="http://www.springframework.org/schema/beans
     http://www.springframework.org/schema/beans/spring-beans-4.0.xsd
     http://www.springframework.org/schema/context
     http://www.springframework.org/schema/context/spring-context-4.0.xsd
     http://www.springframework.org/schema/tx
	 http://www.springframework.org/schema/tx/spring-tx.xsd">
 
  
 	 <bean id="mycar" class="com.java.Car">
 	 	<constructor-arg ref="myengine"></constructor-arg>
 	 </bean>
	
 	 <bean id="myengine" class="com.java.Engine">
 	 		<constructor-arg ref="mypiston"></constructor-arg>
 	 </bean>

 	 <bean id="mypiston" class="com.java.Piston">
 	 	<constructor-arg value="TwinSpark"></constructor-arg>
 	 </bean>

 	
 
 </beans>